Core,ATGAGCACGAATCCTAAACCTCAAAGAAAAACCAAACGTAACACCAACCGTCGCCCACAGGACGTCAAGTTCCCGGGTGGCGGTCAGATCGTTGGTGGAGTTTACTTGTTGCCGCGCAGGGGCCCTAGATTGGGTGTGCGCGCGACGAGGAAGACTTCCGAGCGGTCGCAACCTCGAGGTAGACGTCAGCCTATCCCCAAGGCACGTCGGCCCGAGGGCAGGACCTGGGCTCAGCCCGGGTACCCTTGGCCCCTCTATGGCAATGAGGGTTGCGGGTGGGCGGGATGGCTCCTGTCTCCCCGTGGCTCTCGGCCTAGCTGGGGCCCCACAGACCCCCGGCGTAGGTCGCGCAATTTGGGTAAGGTCATCGATACCCTTACGTGCGGCTTCGCCGACCTCATGGGGTACATACCGCTCGTCGGCGCCCCTCTTGGAGGCGCTGCCAGGGCCCTGGCGCATGGCGTCCGGGTTCTGGAAGACGGCGTGAACTATGCAACAGGGAACCTTCCTGGTTGCTCTTTCTCTATCTTCCTTCTGGCCCTGCTCTCTTGCCTGACTGTGCCCGCTTCAGCC
NS4b,TCTCAGCACTTACCGTACATCGAGCAAGGGATGATGCTCGCTGAGCAGTTCAAGCAGAAGGCCCTCGGCCTCCTGCAGACCGCGTCCCGCCAAGCAGAGGTTATCACCCCTGCTGTCCAGACCAACTGGCAGAAACTCGAGGTCTTCTGGGCGAAGCACATGTGGAATTTCATCAGTGGGATACAATACTTGGCGGGCCTGTCAACGCTGCCTGGTAACCCCGCCATTGCTTCATTGATGGCTTTTACAGCTGCCGTCACCAGCCCACTAACCACTGGCCAAACCCTCCTCTTCAACATATTGGGGGGGTGGGTGGCTGCCCAGCTCGCCGCCCCCGGTGCCGCTACCGCCTTTGTGGGCGCTGGCTTAGCTGGCGCCGCCATCGGCAGCGTTGGACTGGGGAAGGTCCTCGTGGACATTCTTGCAGGGTATGGCGCGGGCGTGGCGGGAGCTCTTGTAGCATTCAAGATCATGAGCGGTGAGGTCCCCTCCACGGAGGACCTGGTCAATCTGCTGCCCGCCATCCTCTCGCCTGGAGCCCTTGTAGTCGGTGTGGTCTGCGCAGCAATACTGCGCCGGCACGTTGGCCCGGGCGAGGGGGCAGTGCAATGGATGAACCGGCTAATAGCCTTCGCCTCCCGGGGGAACCATGTTTCCCCCACGCACTACGTGCCGGAGAGCGATGCAGCCGCCCGCGTCACTGCCATACTCAGCAGCCTCACTGTAACCCAGCTCCTGAGGCGACTGCATCAGTGGATAAGCTCGGAGTGTACCACTCCATGC
p7,GCTTTGGAGAACCTCGTAATACTCAATGCAGCATCCCTGGCCGGGACGCACGGTCTTGTGTCCTTCCTCGTGTTCTTCTGCTTTGCGTGGTATCTGAAGGGTAGGTGGGTGCCCGGAGCGGTCTACGCCTTCTACGGGATGTGGCCTCTCCTCCTGCTCCTGCTGGCGTTGCCTCAGCGGGCATACGCA
NS5b,TCAATGTCTTATTCCTGGACAGGCGCACTCGTCACCCCGTGCGCTGCGGAAGAACAAAAACTGCCCATCAACGCACTGAGCAACTCGTTGCTACGCCATCACAATCTGGTGTATTCCACCACTTCACGCAGTGCTTGCCAAAGGCAGAAGAAAGTCACATTTGACAGACTGCAAGTTCTGGACAGCCATTACCAGGACGTGCTCAAGGAGGTCAAAGCAGCGGCGTCAAAAGTGAAGGCTAACTTGCTATCCGTAGAGGAAGCTTGCAGCCTGACGCCCCCACATTCAGCCAAATCCAAGTTTGGCTATGGGGCAAAAGACGTCCGTTGCCATGCCAGAAAGGCCGTAGCCCACATCAACTCCGTGTGGAAAGACCTTCTGGAAGACAGTGTAACACCAATAGACACTACCATCATGGCCAAGAACGAGGTTTTCTGCGTTCAGCCTGAGAAGGGGGGTCGTAAGCCAGCTCGTCTCATCGTGTTCCCCGACCTGGGCGTGCGCGTGTGCGAGAAGATGGCCCTGTACGACGTGGTTAGCAAGCTCCCCCTGGCCGTGATGGGAAGCTCCTACGGATTCCAATACTCACCAGGACAGCGGGTTGAATTCCTCGTGCAAGCGTGGAAGTCCAAGAAGACCCCGATGGGGTTCTCGTATGATACCCGCTGTTTTGACTCCACAGTCACTGAGAGCGACATCCGTACGGAGGAGGCAATTTACCAATGTTGTGACCTGGACCCCCAAGCCCGCGTGGCCATCAAGTCCCTCACTGAGAGGCTTTATGTTGGGGGCCCTCTTACCAATTCAAGGGGGGAAAACTGCGGCTACCGCAGGTGCCGCGCGAGCGGCGTACTGACAACTAGCTGTGGTAACACCCTCACTTGCTACATCAAGGCCCGGGCAGCCTGTCGAGCCGCAGGGCTCCAGGACTGCACCATGCTCGTGTGTGGCGACGACTTAGTCGTTATCTGTGAAAGTGCGGGGGTCCAGGAGGACGCGGCGAGCCTGAGAGCCTTCACGGAGGCTATGACCAGGTACTCCGCCCCCCCCGGGGACCCCCCACAACCAGAATACGACTTGGAGCTTATAACATCATGCTCCTCCAACGTGTCAGTCGCCCACGACGGCGCTGGAAAGAGGGTCTACTACCTTACCCGTGACCCTACAACCCCCCTCGCGAGAGCCGCGTGGGAGACAGCAAGACACACTCCAGTCAATTCCTGGCTAGGCAACATAATCATGTTTGCCCCCACACTGTGGGCGAGGATGATACTGATGACCCATTTCTTTAGCGTCCTCATAGCCAGGGATCAGCTTGAACAGGCTCTTAACTGTGAGATCTACGGAGCCTGCTACTCCATAGAACCACTGGATCTACCTCCAATCATTCAAAGACTCCATGGCCTCAGCGCATTTTCACTCCACAGTTACTCTCCAGGTGAAATCAATAGGGTGGCCGCATGCCTCAGAAAACTTGGGGTCCCGCCCTTGCGAGCTTGGAGACACCGGGCCCGGAGCGTCCGCGCTAGGCTTCTGTCCAGAGGAGGCAGGGCTGCCATATGTGGCAAGTACCTCTTCAACTGGGCAGTAAGAACAAAGCTCAAACTCACTCCAATAGCGGCCGCTGGCCGGCTGGACTTGTCCGGTTGGTTCACGGCTGGCTACAGCGGGGGAGACATTTATCACAGCGTGTCTCATGCCCGGCCCCGCTGGTTCTGGTTTTGCCTACTCCTGCTCGCTGCAGGGGTAGGCATCTACCTCCTCCCCAACCGATGA
NS5a,TCCGGTTCCTGGCTAAGGGACATCTGGGACTGGATATGCGAGGTGCTGAGCGACTTTAAGACCTGGCTGAAAGCCAAGCTCATGCCACAACTGCCTGGGATTCCCTTTGTGTCCTGCCAGCGCGGGTATAGGGGGGTCTGGCGAGGAGACGGCATTATGCACACTCGCTGCCACTGTGGAGCTGAGATCACTGGACATGTCAAAAACGGGACGATGAGGATCGTCGGTCCTAGGACCTGCAGGAACATGTGGAGTGGGACGTTCCCCATTAACGCCTACACCACGGGCCCCTGTACTCCCCTTCCTGCGCCGAACTATAAGTTCGCGCTGTGGAGGGTGTCTGCAGAGGAATACGTGGAGATAAGGCGGGTGGGGGACTTCCACTACGTATCGGGTATGACTACTGACAATCTTAAATGCCCGTGCCAGATCCCATCGCCCGAATTTTTCACAGAATTGGACGGGGTGCGCCTACATAGGTTTGCGCCCCCTTGCAAGCCCTTGCTGCGGGAGGAGGTATCATTCAGAGTAGGACTCCACGAGTACCCGGTGGGGTCGCAATTACCTTGCGAGCCCGAACCGGACGTAGCCGTGTTGACGTCCATGCTCACTGATCCCTCCCATATAACAGCAGAGGCGGCCGGGAGAAGGTTGGCGAGAGGGTCACCCCCTTCTATGGCCAGCTCCTCGGCCAGCCAGCTGTCCGCTCCATCTCTCAAGGCAACTTGCACCGCCAACCATGACTCCCCTGACGCCGAGCTCATAGAGGCTAACCTCCTGTGGAGGCAGGAGATGGGCGGCAACATCACCAGGGTTGAGTCAGAGAACAAAGTGGTGATTCTGGACTCCTTCGATCCGCTTGTGGCAGAGGAGGATGAGCGGGAGGTCTCCGTACCCGCAGAAATTCTGCGGAAGTCTCGGAGATTCGCCCGGGCCCTGCCCGTTTGGGCGCGGCCGGACTACAACCCCCCGCTAGTAGAGACGTGGAAAAAGCCTGACTACGAACCACCTGTGGTCCATGGCTGCCCGCTACCACCTCCACGGTCCCCTCCTGTGCCTCCGCCTCGGAAAAAGCGTACGGTGGTCCTCACCGAATCAACCCTATCTACTGCCTTGGCCGAGCTTGCCACCAAAAGTTTTGGCAGCTCCTCAACTTCCGGCATTACGGGCGACAATACGACAACATCCTCTGAGCCCGCCCCTTCTGGCTGCCCCCCCGACTCCGACGTTGAGTCCTATTCTTCCATGCCCCCCCTGGAGGGGGAGCCTGGGGATCCGGATCTCAGCGACGGGTCATGGTCGACGGTCAGTAGTGGGGCCGACACGGAAGATGTCGTGTGCTGC
NS4a,AGCACCTGGGTGCTCGTTGGCGGCGTCCTGGCTGCTCTGGCCGCGTATTGCCTGTCAACAGGCTGCGTGGTCATAGTGGGCAGGATTGTCTTGTCCGGGAAGCCGGCAATTATACCTGACAGGGAGGTTCTCTACCAGGAGTTCGATGAGATGGAAGAGTGC
NS2,CTGGACACGGAGGTGGCCGCGTCGTGTGGCGGCGTTGTTCTTGTCGGGTTAATGGCGCTGACTCTGTCGCCATATTACAAGCGCTACATCAGCTGGTGCATGTGGTGGCTTCAGTATTTTCTGACCAGAGTAGAAGCGCAACTGCACGTGTGGGTTCCCCCCCTCAACGTCCGGGGGGGGCGCGATGCCGTCATCTTACTCATGTGTGTTGTACACCCGACTCTGGTATTTGACATCACCAAACTACTCCTGGCCATCTTCGGACCCCTTTGGATTCTTCAAGCCAGTTTGCTTAAAGTCCCCTACTTCGTGCGCGTTCAAGGCCTTCTCCGGATCTGCGCGCTAGCGCGGAAGATAGCCGGAGGTCATTACGTGCAAATGGCCATCATCAAGTTAGGGGCGCTTACTGGCACCTATGTGTATAACCATCTCACCCCTCTTCGAGACTGGGCGCACAACGGCCTGCGAGATCTGGCCGTGGCTGTGGAACCAGTCGTCTTCTCCCGAATGGAGACCAAGCTCATCACGTGGGGGGCAGATACCGCCGCGTGCGGTGACATCATCAACGGCTTGCCCGTCTCTGCCCGTAGGGGCCAGGAGATACTGCTTGGGCCAGCCGACGGAATGGTCTCCAAGGGGTGGAGGTTGCTG
NS3,GCGCCCATCACGGCGTACGCCCAGCAGACGAGAGGCCTCCTAGGGTGTATAATCACCAGCCTGACTGGCCGGGACAAAAACCAAGTGGAGGGTGAGGTCCAGATCGTGTCAACTGCTACCCAAACCTTCCTGGCAACGTGCATCAATGGGGTATGCTGGACTGTCTACCACGGGGCCGGAACGAGGACCATCGCATCACCCAAGGGTCCTGTCATCCAGATGTATACCAATGTGGACCAAGACCTTGTGGGCTGGCCCGCTCCTCAAGGTTCCCGCTCATTGACACCCTGCACCTGCGGCTCCTCGGACCTTTACCTGGTCACGAGGCACGCCGATGTCATTCCCGTGCGCCGGCGAGGTGATAGCAGGGGTAGCCTGCTTTCGCCCCGGCCCATTTCCTACTTGAAAGGCTCCTCGGGGGGTCCGCTGTTGTGCCCCGCGGGACACGCCGTGGGCCTATTCAGGGCCGCGGTGTGCACCCGTGGAGTGGCTAAGGCGGTGGACTTTATCCCTGTGGAGAACCTAGAGACAACCATGAGATCCCCGGTGTTCACGGACAACTCCTCTCCACCAGCAGTGCCCCAGAGCTTCCAGGTGGCCCACCTGCATGCTCCCACCGGCAGCGGTAAGAGCACCAAGGTCCCGGCTGCGTACGCAGCCCAGGGCTACAAGGTGTTGGTGCTCAACCCCTCTGTTGCTGCAACGCTGGGCTTTGGTGCTTACATGTCCAAGGCCCATGGGGTTGATCCTAATATCAGGACCGGGGTGAGAACAATTACCACTGGCAGCCCCATCACGTACTCCACCTACGGCAAGTTCCTTGCCGACGGCGGGTGCTCAGGAGGTGCTTATGACATAATAATTTGTGACGAGTGCCACTCCACGGATGCCACATCCATCTTGGGCATCGGCACTGTCCTTGACCAAGCAGAGACTGCGGGGGCGAGACTGGTTGTGCTCGCCACTGCTACCCCTCCGGGCTCCGTCACTGTGTCCCATCCTAACATCGAGGAGGTTGCTCTGTCCACCACCGGAGAGATCCCTTTTTACGGCAAGGCTATCCCCCTCGAGGTGATCAAGGGGGGAAGACATCTCATCTTCTGCCACTCAAAGAAGAAGTGCGACGAGCTCGCCGCGAAGCTGGTCGCATTGGGCATCAATGCCGTGGCCTACTACCGCGGTCTTGACGTGTCTGTCATCCCGACCAGCGGCGATGTTGTCGTCGTGTCGACCGATGCTCTCATGACTGGCTTTACCGGCGACTTCGACTCTGTGATAGACTGCAACACGTGTGTCACTCAGACAGTCGATTTCAGCCTTGACCCTACCTTTACCATTGAGACAACCACGCTCCCCCAGGATGCTGTCTCCAGGACTCAACGCCGGGGCAGGACTGGCAGGGGGAAGCCAGGCATCTACAGATTTGTGGCACCGGGGGAGCGCCCCTCCGGCATGTTCGACTCGTCCGTCCTCTGTGAGTGCTATGACGCGGGCTGTGCTTGGTATGAGCTCACGCCCGCCGAGACTACAGTTAGGCTACGAGCGTACATGAACACCCCGGGGCTTCCCGTGTGCCAGGACCATCTTGAATTTTGGGAGGGCGTCTTTACGGGCCTCACTCATATAGATGCCCACTTTCTATCCCAGACAAAGCAGAGTGGGGAGAACTTTCCTTACCTGGTAGCGTACCAAGCCACCGTGTGCGCTAGGGCTCAAGCCCCTCCCCCATCGTGGGACCAGATGTGGAAGTGTTTGATCCGCCTTAAACCCACCCTCCATGGGCCAACACCCCTGCTATACAGACTGGGCGCTGTTCAGAATGAAGTCACCCTGACGCACCCAATCACCAAATACATCATGACATGCATGTCGGCCGACCTGGAGGTCGTCACG
E1,TACCAAGTGCGCAATTCCTCGGGGCTTTACCATGTCACCAATGATTGCCCTAACTCGAGTATTGTGTACGAGGCGGCCGATGCCATCCTGCACACTCCGGGGTGTGTCCCTTGCGTTCGCGAGGGTAACGCCTCGAGGTGTTGGGTGGCGGTGACCCCCACGGTGGCCACCAGGGACGGCAAACTCCCCACAACGCAGCTTCGACGTCATATCGATCTGCTTGTCGGGAGCGCCACCCTCTGCTCGGCCCTCTACGTGGGGGACCTGTGCGGGTCTGTCTTTCTTGTTGGTCAACTGTTTACCTTCTCTCCCAGGCGCCACTGGACGACGCAAGACTGCAATTGTTCTATCTATCCCGGCCATATAACGGGTCATCGCATGGCATGGGATATGATGATGAACTGGTCCCCTACGGCAGCGTTGGTGGTAGCTCAGCTGCTCCGGATCCCACAAGCCATCATGGACATGATCGCTGGTGCTCACTGGGGAGTCCTGGCGGGCATAGCGTATTTCTCCATGGTGGGGAACTGGGCGAAGGTCCTGGTAGTGCTGCTGCTATTTGCCGGCGTCGACGCG
E2,GAAACCCACGTCACCGGGGGAAGTGCCGGCCGCACCACGGCTGGGCTTGTTGGTCTCCTTACACCAGGCGCCAAGCAGAACATCCAACTGATCAACACCAACGGCAGTTGGCACATCAATAGCACGGCCTTGAACTGCAATGAAAGCCTTAACACCGGCTGGTTAGCAGGGCTCTTCTATCAGCACAAATTCAACTCTTCAGGCTGTCCTGAGAGGTTGGCCAGCTGCCGACGCCTTACCGATTTTGCCCAGGGCTGGGGTCCTATCAGTTATGCCAACGGAAGCGGCCTCGACGAACGCCCCTACTGCTGGCACTACCCTCCAAGACCTTGTGGCATTGTGCCCGCAAAGAGCGTGTGTGGCCCGGTATATTGCTTCACTCCCAGCCCCGTGGTGGTGGGAACGACCGACAGGTCGGGCGCGCCTACCTACAGCTGGGGTGCAAATGATACGGATGTCTTCGTCCTTAACAACACCAGGCCACCGCTGGGCAATTGGTTCGGTTGTACCTGGATGAACTCAACTGGATTCACCAAAGTGTGCGGAGCGCCCCCTTGTGTCATCGGAGGGGTGGGCAACAACACCTTGCTCTGCCCCACTGATTGTTTCCGCAAGCATCCGGAAGCCACATACTCTCGGTGCGGCTCCGGTCCCTGGATTACACCCAGGTGCATGGTCGACTACCCGTATAGGCTTTGGCACTATCCTTGTACCATCAATTACACCATATTCAAAGTCAGGATGTACGTGGGAGGGGTCGAGCACAGGCTGGAAGCGGCCTGCAACTGGACGCGGGGCGAACGCTGTGATCTGGAAGACAGGGACAGGTCCGAGCTCAGCCCATTGCTGCTGTCCACCACACAGTGGCAGGTCCTTCCGTGTTCTTTCACGACCCTGCCAGCCTTGTCCACCGGCCTCATCCACCTCCACCAGAACATTGTGGACGTGCAGTACTTGTACGGGGTAGGGTCAAGCATCGCGTCCTGGGCCATTAAGTGGGAGTACGTCGTTCTCCTGTTCCTCCTGCTTGCAGACGCGCGCGTCTGCTCCTGCTTGTGGATGATGTTACTCATATCCCAAGCGGAGGCG
